<?xml version="1.0" encoding="UTF-8"?>
<!-- Licensed to the Apache Software Foundation (ASF) under one or more contributor license agreements. See the NOTICE file 
    distributed with this work for additional information regarding copyright ownership. The ASF licenses this file to you under 
    the Apache License, Version 2.0 (the "License"); you may not use this file except in compliance with the License. You may 
    obtain a copy of the License at http://www.apache.org/licenses/LICENSE-2.0 Unless required by applicable law or agreed to 
    in writing, software distributed under the License is distributed on an "AS IS" BASIS, WITHOUT WARRANTIES OR CONDITIONS OF 
    ANY KIND, either express or implied. See the License for the specific language governing permissions and limitations under 
    the License. -->
<assembly xmlns="http://maven.apache.org/plugins/maven-assembly-plugin/assembly/1.1.2" xmlns:xsi="http://www.w3.org/2001/XMLSchema-instance"
    xsi:schemaLocation="http://maven.apache.org/plugins/maven-assembly-plugin/assembly/1.1.2 http://maven.apache.org/xsd/assembly-1.1.2.xsd">
    <id>janos</id>
    <formats>
        <format>zip</format>
    </formats>
    <includeBaseDirectory>false</includeBaseDirectory>
    <dependencySets>
        <dependencySet>
            <useProjectArtifact>false</useProjectArtifact>
            <outputDirectory></outputDirectory>
            <outputFileNameMapping>${artifact.groupId}-${artifact.artifactId}-${artifact.version}.${artifact.extension}</outputFileNameMapping>
            <unpack>false</unpack>
            <useTransitiveDependencies>true</useTransitiveDependencies>
            <useTransitiveFiltering>true</useTransitiveFiltering>
            <scope>compile</scope>
            <includes>
                <include>org.apache.olingo:olingo-odata2-core</include>
                <include>org.apache.olingo:olingo-odata2-api</include>
                <include>org.apache.olingo:olingo-odata2-api-annotation</include>
                <include>org.apache.olingo:olingo-odata2-annotation-processor-api</include>
                <include>org.apache.olingo:olingo-odata2-annotation-processor-core</include>
            </includes>
        </dependencySet>
    </dependencySets>
    <fileSets>
        <fileSet>
            <directory>${project.build.directory}/maven-shared-archive-resources/META-INF</directory>
            <outputDirectory>/</outputDirectory>
            <excludes>
                <exclude>LICENSE</exclude>
				<exclude>NOTICE</exclude>
           </excludes>
        </fileSet>
        <fileSet>
            <directory>src/main/resources</directory>
            <outputDirectory>/</outputDirectory>
        </fileSet>
    </fileSets>
</assembly>
